"Dye.Sample.Peak","Sample.File.Name","Marker","Allele","Size","Height","Area"
"B","A25pg.hid","D3S1358","9","97.11","7","41"
"B","A25pg.hid","D3S1358","10","100.84","7","52"
"B","A25pg.hid","D3S1358","11","104.98","4","14"
"B","A25pg.hid","D3S1358","12","109.34","12","104"
"B","A25pg.hid","D3S1358","13","113.16","15","98"
"B","A25pg.hid","D3S1358","14","117.07","23","267"
"B","A25pg.hid","D3S1358","15","121.06","208","1853"
"B","A25pg.hid","D3S1358","16","125.08","1828","16168"
"B","A25pg.hid","D3S1358","17","129.14","35","429"
"B","A25pg.hid","D3S1358","18","133.48","13","152"
"B","A25pg.hid","D3S1358","19","137.47","7","76"
"B","A25pg.hid","D3S1358","20","141.78","10","134"
"B","A25pg.hid","vWA","11","156.29","7","61"
"B","A25pg.hid","vWA","12","160.89","7","33"
"B","A25pg.hid","vWA","13","164.69","32","320"
"B","A25pg.hid","vWA","14","168.91","809","7167"
"B","A25pg.hid","vWA","15","172.97","13","112"
"B","A25pg.hid","vWA","16","177.46","10","83"
"B","A25pg.hid","vWA","17","180.59","17","204"
"B","A25pg.hid","vWA","18","184.61","12","99"
"B","A25pg.hid","vWA","19","189.06","21","226"
"B","A25pg.hid","vWA","20","193.18","8","61"
"B","A25pg.hid","vWA","21","197.22","9","59"
"B","A25pg.hid","vWA","22","200.49","13","201"
"B","A25pg.hid","vWA","23","205.35","6","48"
"B","A25pg.hid","vWA","24","209.67","7","38"
"B","A25pg.hid","D16S539","5","227.2","14","127"
"B","A25pg.hid","D16S539","8","239.23","10","83"
"B","A25pg.hid","D16S539","9","243.69","31","333"
"B","A25pg.hid","D16S539","10","247.81","26","206"
"B","A25pg.hid","D16S539","11","251.96","379","3664"
"B","A25pg.hid","D16S539","12","255.94","199","1878"
"B","A25pg.hid","D16S539","13","260.09","10","94"
"B","A25pg.hid","D16S539","14","263.78","5","43"
"B","A25pg.hid","D16S539","15","267.92","13","132"
"B","A25pg.hid","CSF1PO","6","282.62","20","309"
"B","A25pg.hid","CSF1PO","7","286.47","12","109"
"B","A25pg.hid","CSF1PO","8","290.42","9","65"
"B","A25pg.hid","CSF1PO","9","295.16","8","50"
"B","A25pg.hid","CSF1PO","10","298.94","16","186"
"B","A25pg.hid","CSF1PO","11","302.84","92","855"
"B","A25pg.hid","CSF1PO","12","306.77","1104","10079"
"B","A25pg.hid","CSF1PO","13","310.67","74","754"
"B","A25pg.hid","CSF1PO","14","314.76","847","7731"
"B","A25pg.hid","CSF1PO","15","318.75","11","120"
"B","A25pg.hid","TPOX","5","338.55","11","79"
"B","A25pg.hid","TPOX","6","342.78","9","69"
"B","A25pg.hid","TPOX","7","346.22","12","119"
"B","A25pg.hid","TPOX","8","350.4","865","8472"
"B","A25pg.hid","TPOX","9","354.68","12","78"
"B","A25pg.hid","TPOX","10","358.13","6","47"
"B","A25pg.hid","TPOX","11","362.41","11","200"
"B","A25pg.hid","TPOX","12","366.96","9","90"
"B","A25pg.hid","TPOX","13","370.3","8","104"
"B","A25pg.hid","TPOX","14","374.31","8","50"
"B","A25pg.hid","TPOX","15","378.97","6","52"
"G","A25pg.hid","Yindel","1","80.45","18","237"
"G","A25pg.hid","Yindel","2","86.34","1555","14794"
"G","A25pg.hid","AMEL","X","98.71","2444","21435"
"G","A25pg.hid","AMEL","Y","104.75","2416","21114"
"G","A25pg.hid","D8S1179","5","114.67","25","150"
"G","A25pg.hid","D8S1179","6","118.5","21","191"
"G","A25pg.hid","D8S1179","7","121.74","25","270"
"G","A25pg.hid","D8S1179","8","126.15","22","215"
"G","A25pg.hid","D8S1179","9","129.99","83","1116"
"G","A25pg.hid","D8S1179","10","134.18","1803","17468"
"G","A25pg.hid","D8S1179","11","138.26","105","928"
"G","A25pg.hid","D8S1179","12","142.34","1300","12967"
"G","A25pg.hid","D8S1179","13","146.72","28","294"
"G","A25pg.hid","D8S1179","14","150.88","14","129"
"G","A25pg.hid","D8S1179","15","154.81","19","175"
"G","A25pg.hid","D8S1179","16","159.34","29","193"
"G","A25pg.hid","D8S1179","17","162.91","10","105"
"G","A25pg.hid","D8S1179","18","166.96","17","171"
"G","A25pg.hid","D8S1179","19","171.02","35","288"
"G","A25pg.hid","D21S11","24","182.51","11","85"
"G","A25pg.hid","D21S11","24.2","185.11","27","151"
"G","A25pg.hid","D21S11","25","Dropout","",""
"G","A25pg.hid","D21S11","26","191.07","33","344"
"G","A25pg.hid","D21S11","27","195.45","25","278"
"G","A25pg.hid","D21S11","28","199.41","107","1142"
"G","A25pg.hid","D21S11","28.2","201.73","14","88"
"G","A25pg.hid","D21S11","29","203.46","1604","13584"
"G","A25pg.hid","D21S11","29.2","206.02","20","147"
"G","A25pg.hid","D21S11","30","207.59","32","339"
"G","A25pg.hid","D21S11","30.2","210","23","145"
"G","A25pg.hid","D21S11","31","212","22","169"
"G","A25pg.hid","D21S11","31.2","213","26","207"
"G","A25pg.hid","D21S11","32","215.45","24","168"
"G","A25pg.hid","D21S11","32.2","217.59","42","500"
"G","A25pg.hid","D21S11","33","219.23","25","385"
"G","A25pg.hid","D21S11","33.2","221.69","379","3383"
"G","A25pg.hid","D21S11","34","Dropout","",""
"G","A25pg.hid","D21S11","34.2","226.1","18","154"
"G","A25pg.hid","D21S11","35","227.88","20","167"
"G","A25pg.hid","D21S11","35.2","230.26","13","80"
"G","A25pg.hid","D21S11","36","232.39","20","265"
"G","A25pg.hid","D21S11","37","236.06","16","148"
"G","A25pg.hid","D21S11","38","240.53","18","144"
"G","A25pg.hid","D18S51","7","261.37","17","120"
"G","A25pg.hid","D18S51","9","268.78","24","169"
"G","A25pg.hid","D18S51","10","273.11","24","157"
"G","A25pg.hid","D18S51","10.2","275.29","16","104"
"G","A25pg.hid","D18S51","11","277.2","11","91"
"G","A25pg.hid","D18S51","12","281.31","24","198"
"G","A25pg.hid","D18S51","13","285.51","102","1116"
"G","A25pg.hid","D18S51","13.2","287","25","177"
"G","A25pg.hid","D18S51","14","289.54","1504","14031"
"G","A25pg.hid","D18S51","14.2","Dropout","",""
"G","A25pg.hid","D18S51","15","293.58","2658","24911"
"G","A25pg.hid","D18S51","16","297.53","26","254"
"G","A25pg.hid","D18S51","17","301.29","38","345"
"G","A25pg.hid","D18S51","18","305.28","20","116"
"G","A25pg.hid","D18S51","19","309.42","13","159"
"G","A25pg.hid","D18S51","20","313.28","20","119"
"G","A25pg.hid","D18S51","21","318.47","20","130"
"G","A25pg.hid","D18S51","22","Dropout","",""
"G","A25pg.hid","D18S51","23","326.29","16","96"
"G","A25pg.hid","D18S51","24","Dropout","",""
"G","A25pg.hid","D18S51","25","333.72","19","120"
"G","A25pg.hid","D18S51","26","338.36","14","121"
"G","A25pg.hid","D18S51","27","342.23","11","100"
"G","A25pg.hid","DYS391","7","365.01","12","77"
"G","A25pg.hid","DYS391","8","369.09","37","430"
"G","A25pg.hid","DYS391","9","373.19","812","8041"
"G","A25pg.hid","DYS391","10","377.2","14","139"
"G","A25pg.hid","DYS391","11","380.85","19","146"
"G","A25pg.hid","DYS391","12","385.67","15","132"
"G","A25pg.hid","DYS391","13","389.46","20","244"
"Y","A25pg.hid","D2S441","8","76.75","8","57"
"Y","A25pg.hid","D2S441","9","80.74","73","759"
"Y","A25pg.hid","D2S441","10","84.92","1748","16243"
"Y","A25pg.hid","D2S441","11","89.04","15","163"
"Y","A25pg.hid","D2S441","11.3","92.42","14","91"
"Y","A25pg.hid","D2S441","12","93.18","14","128"
"Y","A25pg.hid","D2S441","13","96.88","14","111"
"Y","A25pg.hid","D2S441","14","101","15","130"
"Y","A25pg.hid","D2S441","15","105.06","14","143"
"Y","A25pg.hid","D2S441","16","109.34","11","131"
"Y","A25pg.hid","D2S441","17","113.16","14","192"
"Y","A25pg.hid","D19S433","6","118.8","10","84"
"Y","A25pg.hid","D19S433","7","123.02","12","135"
"Y","A25pg.hid","D19S433","8","125.76","13","103"
"Y","A25pg.hid","D19S433","9","130.22","13","63"
"Y","A25pg.hid","D19S433","10","133.4","13","87"
"Y","A25pg.hid","D19S433","11","137.79","8","78"
"Y","A25pg.hid","D19S433","12","141.53","63","536"
"Y","A25pg.hid","D19S433","12.2","142.83","16","123"
"Y","A25pg.hid","D19S433","13","145.5","1230","11616"
"Y","A25pg.hid","D19S433","13.2","Dropout","",""
"Y","A25pg.hid","D19S433","14","149.81","8","51"
"Y","A25pg.hid","D19S433","14.2","151.2","12","108"
"Y","A25pg.hid","D19S433","15","153.91","13","65"
"Y","A25pg.hid","D19S433","15.2","155.14","18","226"
"Y","A25pg.hid","D19S433","16","157.85","7","39"
"Y","A25pg.hid","D19S433","16.2","159.67","12","180"
"Y","A25pg.hid","D19S433","17","162.02","6","46"
"Y","A25pg.hid","D19S433","17.2","163.72","9","57"
"Y","A25pg.hid","D19S433","18.2","167.36","11","102"
"Y","A25pg.hid","D19S433","19.2","171.43","9","56"
"Y","A25pg.hid","TH01","4","179.75","13","104"
"Y","A25pg.hid","TH01","5","Dropout","",""
"Y","A25pg.hid","TH01","6","187.12","33","262"
"Y","A25pg.hid","TH01","7","191.16","1298","11541"
"Y","A25pg.hid","TH01","8","195.2","23","187"
"Y","A25pg.hid","TH01","9","199.33","638","5714"
"Y","A25pg.hid","TH01","9.3","202.8","10","73"
"Y","A25pg.hid","TH01","10","202.8","10","73"
"Y","A25pg.hid","TH01","11","207.42","9","70"
"Y","A25pg.hid","TH01","13.3","218.28","7","36"
"Y","A25pg.hid","FGA","13","224.06","15","215"
"Y","A25pg.hid","FGA","14","227.71","6","40"
"Y","A25pg.hid","FGA","15","231.88","13","89"
"Y","A25pg.hid","FGA","16","234.78","14","105"
"Y","A25pg.hid","FGA","17","239.57","10","81"
"Y","A25pg.hid","FGA","18","243.34","16","152"
"Y","A25pg.hid","FGA","19","247.46","9","68"
"Y","A25pg.hid","FGA","20","251.11","19","239"
"Y","A25pg.hid","FGA","21","255.52","110","1054"
"Y","A25pg.hid","FGA","22","259.49","1986","18352"
"Y","A25pg.hid","FGA","23","263.26","31","403"
"Y","A25pg.hid","FGA","24","267.48","295","2871"
"Y","A25pg.hid","FGA","25","272.16","12","170"
"Y","A25pg.hid","FGA","26","274.94","14","127"
"Y","A25pg.hid","FGA","26.2","277.82","10","113"
"Y","A25pg.hid","FGA","27","279.65","12","79"
"Y","A25pg.hid","FGA","28","283.23","17","147"
"Y","A25pg.hid","FGA","29","288.05","15","129"
"Y","A25pg.hid","FGA","30","291.47","13","94"
"Y","A25pg.hid","FGA","30.2","292.7","13","88"
"Y","A25pg.hid","FGA","31.2","297.62","11","132"
"Y","A25pg.hid","FGA","32.2","301.46","13","104"
"Y","A25pg.hid","FGA","33.2","305.8","10","83"
"Y","A25pg.hid","FGA","42.2","341.58","7","62"
"Y","A25pg.hid","FGA","43.2","Dropout","",""
"Y","A25pg.hid","FGA","44.2","349.94","12","96"
"Y","A25pg.hid","FGA","45.2","354.78","12","126"
"Y","A25pg.hid","FGA","46.2","358.41","8","81"
"Y","A25pg.hid","FGA","47.2","362.41","17","101"
"Y","A25pg.hid","FGA","48.2","366.21","11","94"
"Y","A25pg.hid","FGA","50.2","374.31","13","120"
"Y","A25pg.hid","FGA","51.2","377.48","10","81"
"R","A25pg.hid","D22S1045","8","87.91","23","194"
"R","A25pg.hid","D22S1045","9","91.59","13","138"
"R","A25pg.hid","D22S1045","10","94.01","15","165"
"R","A25pg.hid","D22S1045","11","96.73","16","174"
"R","A25pg.hid","D22S1045","12","100.69","8","70"
"R","A25pg.hid","D22S1045","13","103.14","16","106"
"R","A25pg.hid","D22S1045","14","106.36","15","130"
"R","A25pg.hid","D22S1045","15","109.27","111","1097"
"R","A25pg.hid","D22S1045","16","112.25","1436","13866"
"R","A25pg.hid","D22S1045","17","115.2","558","5319"
"R","A25pg.hid","D22S1045","18","118.12","28","272"
"R","A25pg.hid","D22S1045","19","121.66","16","102"
"R","A25pg.hid","D5S818","7","138.02","18","196"
"R","A25pg.hid","D5S818","8","142.34","13","90"
"R","A25pg.hid","D5S818","9","146.31","23","254"
"R","A25pg.hid","D5S818","10","150.79","53","585"
"R","A25pg.hid","D5S818","11","154.89","717","6859"
"R","A25pg.hid","D5S818","12","159.09","433","4013"
"R","A25pg.hid","D5S818","13","163.23","19","285"
"R","A25pg.hid","D5S818","14","167.36","11","67"
"R","A25pg.hid","D5S818","15","171.02","20","86"
"R","A25pg.hid","D5S818","16","175.75","13","87"
"R","A25pg.hid","D5S818","17","178.85","14","132"
"R","A25pg.hid","D5S818","18","183.02","17","109"
"R","A25pg.hid","D13S317","5","199.07","14","99"
"R","A25pg.hid","D13S317","6","202.47","13","84"
"R","A25pg.hid","D13S317","7","207.18","12","114"
"R","A25pg.hid","D13S317","8","210.83","28","358"
"R","A25pg.hid","D13S317","9","214.94","17","164"
"R","A25pg.hid","D13S317","10","218.97","123","1231"
"R","A25pg.hid","D13S317","11","223.04","2137","20037"
"R","A25pg.hid","D13S317","12","227.54","14","150"
"R","A25pg.hid","D13S317","13","231.45","14","183"
"R","A25pg.hid","D13S317","14","235.12","14","108"
"R","A25pg.hid","D13S317","15","239.06","12","109"
"R","A25pg.hid","D13S317","16","242.99","14","138"
"R","A25pg.hid","D7S820","6","262.06","21","179"
"R","A25pg.hid","D7S820","7","266.45","9","81"
"R","A25pg.hid","D7S820","8","270.25","8","66"
"R","A25pg.hid","D7S820","9","274.68","19","126"
"R","A25pg.hid","D7S820","10","278.51","124","1193"
"R","A25pg.hid","D7S820","11","282.53","2644","26873"
"R","A25pg.hid","D7S820","12","286.47","51","624"
"R","A25pg.hid","D7S820","13","291.03","14","124"
"R","A25pg.hid","D7S820","14","294.9","18","127"
"R","A25pg.hid","D7S820","15","298.06","14","132"
"R","A25pg.hid","SE33","4.2","307.56","21","192"
"R","A25pg.hid","SE33","6.3","316.37","12","90"
"R","A25pg.hid","SE33","8","320.93","10","121"
"R","A25pg.hid","SE33","9","326.19","9","62"
"R","A25pg.hid","SE33","11","333.08","11","98"
"R","A25pg.hid","SE33","12","337.73","16","152"
"R","A25pg.hid","SE33","13","342.13","17","153"
"R","A25pg.hid","SE33","14","346.03","12","88"
"R","A25pg.hid","SE33","15","350.22","19","128"
"R","A25pg.hid","SE33","16","353.94","20","223"
"R","A25pg.hid","SE33","17","358.23","9","70"
"R","A25pg.hid","SE33","18","362.32","7","45"
"R","A25pg.hid","SE33","19","365.93","17","152"
"R","A25pg.hid","SE33","20","370.02","10","71"
"R","A25pg.hid","SE33","20.2","372.07","8","46"
"R","A25pg.hid","SE33","21","374.49","15","127"
"R","A25pg.hid","SE33","21.2","376.17","13","133"
"R","A25pg.hid","SE33","22.2","380.38","31","368"
"R","A25pg.hid","SE33","23.2","383.97","8","49"
"R","A25pg.hid","SE33","24.2","388.42","38","388"
"R","A25pg.hid","SE33","25.2","392.4","501","4842"
"R","A25pg.hid","SE33","26.2","396.48","321","3037"
"R","A25pg.hid","SE33","27.2","400.66","16","144"
"R","A25pg.hid","SE33","28.2","405.18","21","131"
"R","A25pg.hid","SE33","29.2","408.68","12","67"
"R","A25pg.hid","SE33","30.2","412.19","16","99"
"R","A25pg.hid","SE33","31.2","416.41","18","232"
"R","A25pg.hid","SE33","32.2","420.1","15","106"
"R","A25pg.hid","SE33","33.2","423.96","10","109"
"R","A25pg.hid","SE33","34.2","428.02","18","263"
"R","A25pg.hid","SE33","35","430.55","10","132"
"R","A25pg.hid","SE33","35.2","Dropout","",""
"R","A25pg.hid","SE33","36","434.83","15","177"
"R","A25pg.hid","SE33","37","438.44","11","96"
"P","A25pg.hid","D10S1248","8","85.66","15","118"
"P","A25pg.hid","D10S1248","9","89.79","19","118"
"P","A25pg.hid","D10S1248","10","93.33","23","233"
"P","A25pg.hid","D10S1248","11","97.95","20","179"
"P","A25pg.hid","D10S1248","12","101.76","74","860"
"P","A25pg.hid","D10S1248","13","105.9","1219","11999"
"P","A25pg.hid","D10S1248","14","109.57","25","300"
"P","A25pg.hid","D10S1248","15","114","38","519"
"P","A25pg.hid","D10S1248","16","118.27","16","138"
"P","A25pg.hid","D10S1248","17","121.43","16","143"
"P","A25pg.hid","D10S1248","18","126.07","20","128"
"P","A25pg.hid","D10S1248","19","129.45","20","156"
"P","A25pg.hid","D1S1656","9","159.5","31","294"
"P","A25pg.hid","D1S1656","10","163.8","18","309"
"P","A25pg.hid","D1S1656","11","167.77","20","102"
"P","A25pg.hid","D1S1656","12","172.32","23","229"
"P","A25pg.hid","D1S1656","13","176.32","21","256"
"P","A25pg.hid","D1S1656","14","180.08","114","1225"
"P","A25pg.hid","D1S1656","14.3","182.43","19","168"
"P","A25pg.hid","D1S1656","15","184.19","823","7435"
"P","A25pg.hid","D1S1656","15.3","Dropout","",""
"P","A25pg.hid","D1S1656","16","188.3","1086","9783"
"P","A25pg.hid","D1S1656","16.3","190.82","11","88"
"P","A25pg.hid","D1S1656","17","192.17","28","240"
"P","A25pg.hid","D1S1656","17.3","195.7","14","68"
"P","A25pg.hid","D1S1656","18.3","199.24","17","204"
"P","A25pg.hid","D1S1656","19.3","204.03","27","168"
"P","A25pg.hid","D1S1656","20.3","207.42","13","79"
"P","A25pg.hid","D12S391","14","216.91","25","148"
"P","A25pg.hid","D12S391","15","220.42","16","100"
"P","A25pg.hid","D12S391","16","Dropout","",""
"P","A25pg.hid","D12S391","17","228.56","17","121"
"P","A25pg.hid","D12S391","18","232.9","28","223"
"P","A25pg.hid","D12S391","19","236.92","23","303"
"P","A25pg.hid","D12S391","19.3","238.97","18","151"
"P","A25pg.hid","D12S391","20","240.35","30","340"
"P","A25pg.hid","D12S391","21","244.48","138","1324"
"P","A25pg.hid","D12S391","22","248.6","1640","14879"
"P","A25pg.hid","D12S391","23","252.81","11","64"
"P","A25pg.hid","D12S391","24","Dropout","",""
"P","A25pg.hid","D12S391","25","260.86","21","287"
"P","A25pg.hid","D12S391","26","263.86","19","212"
"P","A25pg.hid","D12S391","27","268.95","11","116"
"P","A25pg.hid","D2S1338","11","281.05","21","165"
"P","A25pg.hid","D2S1338","12","286.21","18","130"
"P","A25pg.hid","D2S1338","13","290.07","17","133"
"P","A25pg.hid","D2S1338","14","292.7","25","187"
"P","A25pg.hid","D2S1338","15","297.36","22","140"
"P","A25pg.hid","D2S1338","16","300.6","17","213"
"P","A25pg.hid","D2S1338","17","305.1","20","162"
"P","A25pg.hid","D2S1338","18","309.33","14","107"
"P","A25pg.hid","D2S1338","19","312.73","13","109"
"P","A25pg.hid","D2S1338","20","317.13","72","793"
"P","A25pg.hid","D2S1338","21","321.21","25","247"
"P","A25pg.hid","D2S1338","22","325.36","323","3198"
"P","A25pg.hid","D2S1338","23","329.41","1217","11873"
"P","A25pg.hid","D2S1338","24","333.72","31","336"
"P","A25pg.hid","D2S1338","25","337.27","69","817"
"P","A25pg.hid","D2S1338","26","341.39","601","5812"
"P","A25pg.hid","D2S1338","27","344.82","13","122"
"P","A25pg.hid","D2S1338","28","349.94","17","182"
